"mail1@example.com1";"Firstname1";"Lastename1"
"mail1@example.com2";"Firstname2";"Lastename2"
"mail1@example.com3";"Firstname3";"Lastename3"
"mail1@example.com4";"Firstname4";"Lastename4"
"mail1@example.com5";"Firstname5";"Lastename5"
"mail1@example.com6";"Firstname6";"Lastename6"
"mail1@example.com7";"Firstname7";"Lastename7"
"mail1@example.com8";"Firstname8";"Lastename8"
"mail1@example.com9";"Firstname9";"Lastename9"
"mail1@example.com10";"Firstname10";"Lastename10"
"mail1@example.com11";"Firstname11";"Lastename11"
"mail1@example.com12";"Firstname12";"Lastename12"
"mail1@example.com13";"Firstname13";"Lastename13"
"mail1@example.com14";"Firstname14";"Lastename14"
"mail1@example.com15";"Firstname15";"Lastename15"
"mail1@example.com16";"Firstname16";"Lastename16"
"mail1@example.com17";"Firstname17";"Lastename17"
"mail1@example.com18";"Firstname18";"Lastename18"
"mail1@example.com19";"Firstname19";"Lastename19"
"mail1@example.com20";"Firstname20";"Lastename20"
"mail1@example.com21";"Firstname21";"Lastename21"
"mail1@example.com22";"Firstname22";"Lastename22"
"mail1@example.com23";"Firstname23";"Lastename23"
"mail1@example.com24";"Firstname24";"Lastename24"
"mail1@example.com25";"Firstname25";"Lastename25"
"mail1@example.com26";"Firstname26";"Lastename26"
"mail1@example.com27";"Firstname27";"Lastename27"
"mail1@example.com28";"Firstname28";"Lastename28"
"mail1@example.com29";"Firstname29";"Lastename29"
"mail1@example.com30";"Firstname30";"Lastename30"
"mail1@example.com31";"Firstname31";"Lastename31"
"mail1@example.com32";"Firstname32";"Lastename32"
"mail1@example.com33";"Firstname33";"Lastename33"
"mail1@example.com34";"Firstname34";"Lastename34"
"mail1@example.com35";"Firstname35";"Lastename35"
"mail1@example.com36";"Firstname36";"Lastename36"
"mail1@example.com37";"Firstname37";"Lastename37"
"mail1@example.com38";"Firstname38";"Lastename38"
"mail1@example.com39";"Firstname39";"Lastename39"
"mail1@example.com40";"Firstname40";"Lastename40"
"mail1@example.com41";"Firstname41";"Lastename41"
"mail1@example.com42";"Firstname42";"Lastename42"
"mail1@example.com43";"Firstname43";"Lastename43"
"mail1@example.com44";"Firstname44";"Lastename44"
"mail1@example.com45";"Firstname45";"Lastename45"
"mail1@example.com46";"Firstname46";"Lastename46"
"mail1@example.com47";"Firstname47";"Lastename47"
"mail1@example.com48";"Firstname48";"Lastename48"
"mail1@example.com49";"Firstname49";"Lastename49"
"mail1@example.com50";"Firstname50";"Lastename50"
"mail1@example.com51";"Firstname51";"Lastename51"
"mail1@example.com52";"Firstname52";"Lastename52"
"mail1@example.com53";"Firstname53";"Lastename53"
"mail1@example.com54";"Firstname54";"Lastename54"
"mail1@example.com55";"Firstname55";"Lastename55"
"mail1@example.com56";"Firstname56";"Lastename56"
"mail1@example.com57";"Firstname57";"Lastename57"
"mail1@example.com58";"Firstname58";"Lastename58"
"mail1@example.com59";"Firstname59";"Lastename59"
"mail1@example.com60";"Firstname60";"Lastename60"
"mail1@example.com61";"Firstname61";"Lastename61"
"mail1@example.com62";"Firstname62";"Lastename62"
"mail1@example.com63";"Firstname63";"Lastename63"
"mail1@example.com64";"Firstname64";"Lastename64"
"mail1@example.com65";"Firstname65";"Lastename65"
"mail1@example.com66";"Firstname66";"Lastename66"
"mail1@example.com67";"Firstname67";"Lastename67"
"mail1@example.com68";"Firstname68";"Lastename68"
"mail1@example.com69";"Firstname69";"Lastename69"
"mail1@example.com70";"Firstname70";"Lastename70"
"mail1@example.com71";"Firstname71";"Lastename71"
"mail1@example.com72";"Firstname72";"Lastename72"
"mail1@example.com73";"Firstname73";"Lastename73"
"mail1@example.com74";"Firstname74";"Lastename74"
"mail1@example.com75";"Firstname75";"Lastename75"
"mail1@example.com76";"Firstname76";"Lastename76"
"mail1@example.com77";"Firstname77";"Lastename77"
"mail1@example.com78";"Firstname78";"Lastename78"
"mail1@example.com79";"Firstname79";"Lastename79"
"mail1@example.com80";"Firstname80";"Lastename80"
"mail1@example.com81";"Firstname81";"Lastename81"
"mail1@example.com82";"Firstname82";"Lastename82"
"mail1@example.com83";"Firstname83";"Lastename83"
"mail1@example.com84";"Firstname84";"Lastename84"
"mail1@example.com85";"Firstname85";"Lastename85"
"mail1@example.com86";"Firstname86";"Lastename86"
"mail1@example.com87";"Firstname87";"Lastename87"
"mail1@example.com88";"Firstname88";"Lastename88"
"mail1@example.com89";"Firstname89";"Lastename89"
"mail1@example.com90";"Firstname90";"Lastename90"
"mail1@example.com91";"Firstname91";"Lastename91"
"mail1@example.com92";"Firstname92";"Lastename92"
"mail1@example.com93";"Firstname93";"Lastename93"
"mail1@example.com94";"Firstname94";"Lastename94"
"mail1@example.com95";"Firstname95";"Lastename95"
"mail1@example.com96";"Firstname96";"Lastename96"
"mail1@example.com97";"Firstname97";"Lastename97"
"mail1@example.com98";"Firstname98";"Lastename98"
"mail1@example.com99";"Firstname99";"Lastename99"
"mail1@example.com100";"Firstname100";"Lastename100"
"mail1@example.com101";"Firstname101";"Lastename101"
"mail1@example.com102";"Firstname102";"Lastename102"
"mail1@example.com103";"Firstname103";"Lastename103"
"mail1@example.com104";"Firstname104";"Lastename104"
"mail1@example.com105";"Firstname105";"Lastename105"
"mail1@example.com106";"Firstname106";"Lastename106"
"mail1@example.com107";"Firstname107";"Lastename107"
"mail1@example.com108";"Firstname108";"Lastename108"
"mail1@example.com109";"Firstname109";"Lastename109"
"mail1@example.com110";"Firstname110";"Lastename110"
"mail1@example.com111";"Firstname111";"Lastename111"
"mail1@example.com112";"Firstname112";"Lastename112"
"mail1@example.com113";"Firstname113";"Lastename113"
"mail1@example.com114";"Firstname114";"Lastename114"
"mail1@example.com115";"Firstname115";"Lastename115"
"mail1@example.com116";"Firstname116";"Lastename116"
"mail1@example.com117";"Firstname117";"Lastename117"
"mail1@example.com118";"Firstname118";"Lastename118"
"mail1@example.com119";"Firstname119";"Lastename119"
"mail1@example.com120";"Firstname120";"Lastename120"
"mail1@example.com121";"Firstname121";"Lastename121"
"mail1@example.com122";"Firstname122";"Lastename122"
"mail1@example.com123";"Firstname123";"Lastename123"
"mail1@example.com124";"Firstname124";"Lastename124"
"mail1@example.com125";"Firstname125";"Lastename125"
"mail1@example.com126";"Firstname126";"Lastename126"
"mail1@example.com127";"Firstname127";"Lastename127"
"mail1@example.com128";"Firstname128";"Lastename128"
"mail1@example.com129";"Firstname129";"Lastename129"
"mail1@example.com130";"Firstname130";"Lastename130"
"mail1@example.com131";"Firstname131";"Lastename131"
"mail1@example.com132";"Firstname132";"Lastename132"
"mail1@example.com133";"Firstname133";"Lastename133"
"mail1@example.com134";"Firstname134";"Lastename134"
"mail1@example.com135";"Firstname135";"Lastename135"
"mail1@example.com136";"Firstname136";"Lastename136"
"mail1@example.com137";"Firstname137";"Lastename137"
"mail1@example.com138";"Firstname138";"Lastename138"
"mail1@example.com139";"Firstname139";"Lastename139"
"mail1@example.com140";"Firstname140";"Lastename140"
"mail1@example.com141";"Firstname141";"Lastename141"
"mail1@example.com142";"Firstname142";"Lastename142"
"mail1@example.com143";"Firstname143";"Lastename143"
"mail1@example.com144";"Firstname144";"Lastename144"
"mail1@example.com145";"Firstname145";"Lastename145"
"mail1@example.com146";"Firstname146";"Lastename146"
"mail1@example.com147";"Firstname147";"Lastename147"
"mail1@example.com148";"Firstname148";"Lastename148"
"mail1@example.com149";"Firstname149";"Lastename149"
"mail1@example.com150";"Firstname150";"Lastename150"
"mail1@example.com151";"Firstname151";"Lastename151"
"mail1@example.com152";"Firstname152";"Lastename152"
"mail1@example.com153";"Firstname153";"Lastename153"
"mail1@example.com154";"Firstname154";"Lastename154"
"mail1@example.com155";"Firstname155";"Lastename155"
"mail1@example.com156";"Firstname156";"Lastename156"
"mail1@example.com157";"Firstname157";"Lastename157"
"mail1@example.com158";"Firstname158";"Lastename158"
"mail1@example.com159";"Firstname159";"Lastename159"
"mail1@example.com160";"Firstname160";"Lastename160"
"mail1@example.com161";"Firstname161";"Lastename161"
"mail1@example.com162";"Firstname162";"Lastename162"
"mail1@example.com163";"Firstname163";"Lastename163"
"mail1@example.com164";"Firstname164";"Lastename164"
"mail1@example.com165";"Firstname165";"Lastename165"
"mail1@example.com166";"Firstname166";"Lastename166"
"mail1@example.com167";"Firstname167";"Lastename167"
"mail1@example.com168";"Firstname168";"Lastename168"
"mail1@example.com169";"Firstname169";"Lastename169"
"mail1@example.com170";"Firstname170";"Lastename170"
"mail1@example.com171";"Firstname171";"Lastename171"
"mail1@example.com172";"Firstname172";"Lastename172"
"mail1@example.com173";"Firstname173";"Lastename173"
"mail1@example.com174";"Firstname174";"Lastename174"
"mail1@example.com175";"Firstname175";"Lastename175"
"mail1@example.com176";"Firstname176";"Lastename176"
"mail1@example.com177";"Firstname177";"Lastename177"
"mail1@example.com178";"Firstname178";"Lastename178"
"mail1@example.com179";"Firstname179";"Lastename179"
"mail1@example.com180";"Firstname180";"Lastename180"
"mail1@example.com181";"Firstname181";"Lastename181"
"mail1@example.com182";"Firstname182";"Lastename182"
"mail1@example.com183";"Firstname183";"Lastename183"
"mail1@example.com184";"Firstname184";"Lastename184"
"mail1@example.com185";"Firstname185";"Lastename185"
"mail1@example.com186";"Firstname186";"Lastename186"
"mail1@example.com187";"Firstname187";"Lastename187"
"mail1@example.com188";"Firstname188";"Lastename188"
"mail1@example.com189";"Firstname189";"Lastename189"
"mail1@example.com190";"Firstname190";"Lastename190"
"mail1@example.com191";"Firstname191";"Lastename191"
"mail1@example.com192";"Firstname192";"Lastename192"
"mail1@example.com193";"Firstname193";"Lastename193"
"mail1@example.com194";"Firstname194";"Lastename194"
"mail1@example.com195";"Firstname195";"Lastename195"
"mail1@example.com196";"Firstname196";"Lastename196"
"mail1@example.com197";"Firstname197";"Lastename197"
"mail1@example.com198";"Firstname198";"Lastename198"
"mail1@example.com199";"Firstname199";"Lastename199"
"mail1@example.com200";"Firstname200";"Lastename200"
"mail1@example.com201";"Firstname201";"Lastename201"
"mail1@example.com202";"Firstname202";"Lastename202"
"mail1@example.com203";"Firstname203";"Lastename203"
"mail1@example.com204";"Firstname204";"Lastename204"
"mail1@example.com205";"Firstname205";"Lastename205"
"mail1@example.com206";"Firstname206";"Lastename206"
"mail1@example.com207";"Firstname207";"Lastename207"
"mail1@example.com208";"Firstname208";"Lastename208"
"mail1@example.com209";"Firstname209";"Lastename209"
"mail1@example.com210";"Firstname210";"Lastename210"
"mail1@example.com211";"Firstname211";"Lastename211"
"mail1@example.com212";"Firstname212";"Lastename212"
"mail1@example.com213";"Firstname213";"Lastename213"
"mail1@example.com214";"Firstname214";"Lastename214"
"mail1@example.com215";"Firstname215";"Lastename215"
"mail1@example.com216";"Firstname216";"Lastename216"
"mail1@example.com217";"Firstname217";"Lastename217"
"mail1@example.com218";"Firstname218";"Lastename218"
"mail1@example.com219";"Firstname219";"Lastename219"
"mail1@example.com220";"Firstname220";"Lastename220"
"mail1@example.com221";"Firstname221";"Lastename221"
"mail1@example.com222";"Firstname222";"Lastename222"
"mail1@example.com223";"Firstname223";"Lastename223"
"mail1@example.com224";"Firstname224";"Lastename224"
"mail1@example.com225";"Firstname225";"Lastename225"
"mail1@example.com226";"Firstname226";"Lastename226"
"mail1@example.com227";"Firstname227";"Lastename227"
"mail1@example.com228";"Firstname228";"Lastename228"
"mail1@example.com229";"Firstname229";"Lastename229"
"mail1@example.com230";"Firstname230";"Lastename230"
"mail1@example.com231";"Firstname231";"Lastename231"
"mail1@example.com232";"Firstname232";"Lastename232"
"mail1@example.com233";"Firstname233";"Lastename233"
"mail1@example.com234";"Firstname234";"Lastename234"
"mail1@example.com235";"Firstname235";"Lastename235"
"mail1@example.com236";"Firstname236";"Lastename236"
"mail1@example.com237";"Firstname237";"Lastename237"
"mail1@example.com238";"Firstname238";"Lastename238"
"mail1@example.com239";"Firstname239";"Lastename239"
"mail1@example.com240";"Firstname240";"Lastename240"
"mail1@example.com241";"Firstname241";"Lastename241"
"mail1@example.com242";"Firstname242";"Lastename242"
"mail1@example.com243";"Firstname243";"Lastename243"
"mail1@example.com244";"Firstname244";"Lastename244"
"mail1@example.com245";"Firstname245";"Lastename245"
"mail1@example.com246";"Firstname246";"Lastename246"
"mail1@example.com247";"Firstname247";"Lastename247"
"mail1@example.com248";"Firstname248";"Lastename248"
"mail1@example.com249";"Firstname249";"Lastename249"
"mail1@example.com250";"Firstname250";"Lastename250"
"mail1@example.com251";"Firstname251";"Lastename251"
"mail1@example.com252";"Firstname252";"Lastename252"
"mail1@example.com253";"Firstname253";"Lastename253"
"mail1@example.com254";"Firstname254";"Lastename254"
"mail1@example.com255";"Firstname255";"Lastename255"
"mail1@example.com256";"Firstname256";"Lastename256"
"mail1@example.com257";"Firstname257";"Lastename257"
"mail1@example.com258";"Firstname258";"Lastename258"
"mail1@example.com259";"Firstname259";"Lastename259"
"mail1@example.com260";"Firstname260";"Lastename260"
"mail1@example.com261";"Firstname261";"Lastename261"
"mail1@example.com262";"Firstname262";"Lastename262"
"mail1@example.com263";"Firstname263";"Lastename263"
"mail1@example.com264";"Firstname264";"Lastename264"
"mail1@example.com265";"Firstname265";"Lastename265"
"mail1@example.com266";"Firstname266";"Lastename266"
"mail1@example.com267";"Firstname267";"Lastename267"
"mail1@example.com268";"Firstname268";"Lastename268"
"mail1@example.com269";"Firstname269";"Lastename269"
"mail1@example.com270";"Firstname270";"Lastename270"
"mail1@example.com271";"Firstname271";"Lastename271"
"mail1@example.com272";"Firstname272";"Lastename272"
"mail1@example.com273";"Firstname273";"Lastename273"
"mail1@example.com274";"Firstname274";"Lastename274"
"mail1@example.com275";"Firstname275";"Lastename275"
"mail1@example.com276";"Firstname276";"Lastename276"
"mail1@example.com277";"Firstname277";"Lastename277"
"mail1@example.com278";"Firstname278";"Lastename278"
"mail1@example.com279";"Firstname279";"Lastename279"
"mail1@example.com280";"Firstname280";"Lastename280"
"mail1@example.com281";"Firstname281";"Lastename281"
"mail1@example.com282";"Firstname282";"Lastename282"
"mail1@example.com283";"Firstname283";"Lastename283"
"mail1@example.com284";"Firstname284";"Lastename284"
"mail1@example.com285";"Firstname285";"Lastename285"
"mail1@example.com286";"Firstname286";"Lastename286"
"mail1@example.com287";"Firstname287";"Lastename287"
"mail1@example.com288";"Firstname288";"Lastename288"
"mail1@example.com289";"Firstname289";"Lastename289"
"mail1@example.com290";"Firstname290";"Lastename290"
"mail1@example.com291";"Firstname291";"Lastename291"
"mail1@example.com292";"Firstname292";"Lastename292"
"mail1@example.com293";"Firstname293";"Lastename293"
"mail1@example.com294";"Firstname294";"Lastename294"
"mail1@example.com295";"Firstname295";"Lastename295"
"mail1@example.com296";"Firstname296";"Lastename296"
"mail1@example.com297";"Firstname297";"Lastename297"
"mail1@example.com298";"Firstname298";"Lastename298"
"mail1@example.com299";"Firstname299";"Lastename299"
"mail1@example.com300";"Firstname300";"Lastename300"
"mail1@example.com301";"Firstname301";"Lastename301"
"mail1@example.com302";"Firstname302";"Lastename302"
"mail1@example.com303";"Firstname303";"Lastename303"
"mail1@example.com304";"Firstname304";"Lastename304"
"mail1@example.com305";"Firstname305";"Lastename305"
"mail1@example.com306";"Firstname306";"Lastename306"
"mail1@example.com307";"Firstname307";"Lastename307"
"mail1@example.com308";"Firstname308";"Lastename308"
"mail1@example.com309";"Firstname309";"Lastename309"
"mail1@example.com310";"Firstname310";"Lastename310"
"mail1@example.com311";"Firstname311";"Lastename311"
"mail1@example.com312";"Firstname312";"Lastename312"
"mail1@example.com313";"Firstname313";"Lastename313"
"mail1@example.com314";"Firstname314";"Lastename314"
"mail1@example.com315";"Firstname315";"Lastename315"
"mail1@example.com316";"Firstname316";"Lastename316"
"mail1@example.com317";"Firstname317";"Lastename317"
"mail1@example.com318";"Firstname318";"Lastename318"
"mail1@example.com319";"Firstname319";"Lastename319"
"mail1@example.com320";"Firstname320";"Lastename320"
"mail1@example.com321";"Firstname321";"Lastename321"
"mail1@example.com322";"Firstname322";"Lastename322"
"mail1@example.com323";"Firstname323";"Lastename323"
"mail1@example.com324";"Firstname324";"Lastename324"
"mail1@example.com325";"Firstname325";"Lastename325"
"mail1@example.com326";"Firstname326";"Lastename326"
"mail1@example.com327";"Firstname327";"Lastename327"
"mail1@example.com328";"Firstname328";"Lastename328"
"mail1@example.com329";"Firstname329";"Lastename329"
"mail1@example.com330";"Firstname330";"Lastename330"
"mail1@example.com331";"Firstname331";"Lastename331"
"mail1@example.com332";"Firstname332";"Lastename332"
"mail1@example.com333";"Firstname333";"Lastename333"
"mail1@example.com334";"Firstname334";"Lastename334"
"mail1@example.com335";"Firstname335";"Lastename335"
"mail1@example.com336";"Firstname336";"Lastename336"
"mail1@example.com337";"Firstname337";"Lastename337"
"mail1@example.com338";"Firstname338";"Lastename338"
"mail1@example.com339";"Firstname339";"Lastename339"
"mail1@example.com340";"Firstname340";"Lastename340"
"mail1@example.com341";"Firstname341";"Lastename341"
"mail1@example.com342";"Firstname342";"Lastename342"
"mail1@example.com343";"Firstname343";"Lastename343"
"mail1@example.com344";"Firstname344";"Lastename344"
"mail1@example.com345";"Firstname345";"Lastename345"
"mail1@example.com346";"Firstname346";"Lastename346"
"mail1@example.com347";"Firstname347";"Lastename347"
"mail1@example.com348";"Firstname348";"Lastename348"
"mail1@example.com349";"Firstname349";"Lastename349"
"mail1@example.com350";"Firstname350";"Lastename350"
"mail1@example.com351";"Firstname351";"Lastename351"
"mail1@example.com352";"Firstname352";"Lastename352"
"mail1@example.com353";"Firstname353";"Lastename353"
"mail1@example.com354";"Firstname354";"Lastename354"
"mail1@example.com355";"Firstname355";"Lastename355"
"mail1@example.com356";"Firstname356";"Lastename356"
"mail1@example.com357";"Firstname357";"Lastename357"
"mail1@example.com358";"Firstname358";"Lastename358"
"mail1@example.com359";"Firstname359";"Lastename359"
"mail1@example.com360";"Firstname360";"Lastename360"
"mail1@example.com361";"Firstname361";"Lastename361"
"mail1@example.com362";"Firstname362";"Lastename362"
"mail1@example.com363";"Firstname363";"Lastename363"
"mail1@example.com364";"Firstname364";"Lastename364"
"mail1@example.com365";"Firstname365";"Lastename365"
"mail1@example.com366";"Firstname366";"Lastename366"
"mail1@example.com367";"Firstname367";"Lastename367"
"mail1@example.com368";"Firstname368";"Lastename368"
"mail1@example.com369";"Firstname369";"Lastename369"
"mail1@example.com370";"Firstname370";"Lastename370"
"mail1@example.com371";"Firstname371";"Lastename371"
"mail1@example.com372";"Firstname372";"Lastename372"
"mail1@example.com373";"Firstname373";"Lastename373"
"mail1@example.com374";"Firstname374";"Lastename374"
"mail1@example.com375";"Firstname375";"Lastename375"
"mail1@example.com376";"Firstname376";"Lastename376"
"mail1@example.com377";"Firstname377";"Lastename377"
"mail1@example.com378";"Firstname378";"Lastename378"
"mail1@example.com379";"Firstname379";"Lastename379"
"mail1@example.com380";"Firstname380";"Lastename380"
"mail1@example.com381";"Firstname381";"Lastename381"
"mail1@example.com382";"Firstname382";"Lastename382"
"mail1@example.com383";"Firstname383";"Lastename383"
"mail1@example.com384";"Firstname384";"Lastename384"
"mail1@example.com385";"Firstname385";"Lastename385"
"mail1@example.com386";"Firstname386";"Lastename386"
"mail1@example.com387";"Firstname387";"Lastename387"
"mail1@example.com388";"Firstname388";"Lastename388"
"mail1@example.com389";"Firstname389";"Lastename389"
"mail1@example.com390";"Firstname390";"Lastename390"
"mail1@example.com391";"Firstname391";"Lastename391"
"mail1@example.com392";"Firstname392";"Lastename392"
"mail1@example.com393";"Firstname393";"Lastename393"
"mail1@example.com394";"Firstname394";"Lastename394"
"mail1@example.com395";"Firstname395";"Lastename395"
"mail1@example.com396";"Firstname396";"Lastename396"
"mail1@example.com397";"Firstname397";"Lastename397"
"mail1@example.com398";"Firstname398";"Lastename398"
"mail1@example.com399";"Firstname399";"Lastename399"
"mail1@example.com400";"Firstname400";"Lastename400"
"mail1@example.com401";"Firstname401";"Lastename401"
"mail1@example.com402";"Firstname402";"Lastename402"
"mail1@example.com403";"Firstname403";"Lastename403"
"mail1@example.com404";"Firstname404";"Lastename404"
"mail1@example.com405";"Firstname405";"Lastename405"
"mail1@example.com406";"Firstname406";"Lastename406"
"mail1@example.com407";"Firstname407";"Lastename407"
"mail1@example.com408";"Firstname408";"Lastename408"
"mail1@example.com409";"Firstname409";"Lastename409"
"mail1@example.com410";"Firstname410";"Lastename410"
"mail1@example.com411";"Firstname411";"Lastename411"
"mail1@example.com412";"Firstname412";"Lastename412"
"mail1@example.com413";"Firstname413";"Lastename413"
"mail1@example.com414";"Firstname414";"Lastename414"
"mail1@example.com415";"Firstname415";"Lastename415"
"mail1@example.com416";"Firstname416";"Lastename416"
"mail1@example.com417";"Firstname417";"Lastename417"
"mail1@example.com418";"Firstname418";"Lastename418"
"mail1@example.com419";"Firstname419";"Lastename419"
"mail1@example.com420";"Firstname420";"Lastename420"
"mail1@example.com421";"Firstname421";"Lastename421"
"mail1@example.com422";"Firstname422";"Lastename422"
"mail1@example.com423";"Firstname423";"Lastename423"
"mail1@example.com424";"Firstname424";"Lastename424"
"mail1@example.com425";"Firstname425";"Lastename425"
"mail1@example.com426";"Firstname426";"Lastename426"
"mail1@example.com427";"Firstname427";"Lastename427"
"mail1@example.com428";"Firstname428";"Lastename428"
"mail1@example.com429";"Firstname429";"Lastename429"
"mail1@example.com430";"Firstname430";"Lastename430"
"mail1@example.com431";"Firstname431";"Lastename431"
"mail1@example.com432";"Firstname432";"Lastename432"
"mail1@example.com433";"Firstname433";"Lastename433"
"mail1@example.com434";"Firstname434";"Lastename434"
"mail1@example.com435";"Firstname435";"Lastename435"
"mail1@example.com436";"Firstname436";"Lastename436"
"mail1@example.com437";"Firstname437";"Lastename437"
"mail1@example.com438";"Firstname438";"Lastename438"
"mail1@example.com439";"Firstname439";"Lastename439"
"mail1@example.com440";"Firstname440";"Lastename440"
"mail1@example.com441";"Firstname441";"Lastename441"
"mail1@example.com442";"Firstname442";"Lastename442"
"mail1@example.com443";"Firstname443";"Lastename443"
"mail1@example.com444";"Firstname444";"Lastename444"
"mail1@example.com445";"Firstname445";"Lastename445"
"mail1@example.com446";"Firstname446";"Lastename446"
"mail1@example.com447";"Firstname447";"Lastename447"
"mail1@example.com448";"Firstname448";"Lastename448"
"mail1@example.com449";"Firstname449";"Lastename449"
"mail1@example.com450";"Firstname450";"Lastename450"
"mail1@example.com451";"Firstname451";"Lastename451"
"mail1@example.com452";"Firstname452";"Lastename452"
"mail1@example.com453";"Firstname453";"Lastename453"
"mail1@example.com454";"Firstname454";"Lastename454"
"mail1@example.com455";"Firstname455";"Lastename455"
"mail1@example.com456";"Firstname456";"Lastename456"
"mail1@example.com457";"Firstname457";"Lastename457"
"mail1@example.com458";"Firstname458";"Lastename458"
"mail1@example.com459";"Firstname459";"Lastename459"
"mail1@example.com460";"Firstname460";"Lastename460"
"mail1@example.com461";"Firstname461";"Lastename461"
"mail1@example.com462";"Firstname462";"Lastename462"
"mail1@example.com463";"Firstname463";"Lastename463"
"mail1@example.com464";"Firstname464";"Lastename464"
"mail1@example.com465";"Firstname465";"Lastename465"
"mail1@example.com466";"Firstname466";"Lastename466"
"mail1@example.com467";"Firstname467";"Lastename467"
"mail1@example.com468";"Firstname468";"Lastename468"
"mail1@example.com469";"Firstname469";"Lastename469"
"mail1@example.com470";"Firstname470";"Lastename470"
"mail1@example.com471";"Firstname471";"Lastename471"
"mail1@example.com472";"Firstname472";"Lastename472"
"mail1@example.com473";"Firstname473";"Lastename473"
"mail1@example.com474";"Firstname474";"Lastename474"
"mail1@example.com475";"Firstname475";"Lastename475"
"mail1@example.com476";"Firstname476";"Lastename476"
"mail1@example.com477";"Firstname477";"Lastename477"
"mail1@example.com478";"Firstname478";"Lastename478"
"mail1@example.com479";"Firstname479";"Lastename479"
"mail1@example.com480";"Firstname480";"Lastename480"
"mail1@example.com481";"Firstname481";"Lastename481"
"mail1@example.com482";"Firstname482";"Lastename482"
"mail1@example.com483";"Firstname483";"Lastename483"
"mail1@example.com484";"Firstname484";"Lastename484"
"mail1@example.com485";"Firstname485";"Lastename485"
"mail1@example.com486";"Firstname486";"Lastename486"
"mail1@example.com487";"Firstname487";"Lastename487"
"mail1@example.com488";"Firstname488";"Lastename488"
"mail1@example.com489";"Firstname489";"Lastename489"
"mail1@example.com490";"Firstname490";"Lastename490"
"mail1@example.com491";"Firstname491";"Lastename491"
"mail1@example.com492";"Firstname492";"Lastename492"
"mail1@example.com493";"Firstname493";"Lastename493"
"mail1@example.com494";"Firstname494";"Lastename494"
"mail1@example.com495";"Firstname495";"Lastename495"
"mail1@example.com496";"Firstname496";"Lastename496"
"mail1@example.com497";"Firstname497";"Lastename497"
"mail1@example.com498";"Firstname498";"Lastename498"
"mail1@example.com499";"Firstname499";"Lastename499"
"mail1@example.com500";"Firstname500";"Lastename500"
"mail1@example.com501";"Firstname501";"Lastename501"
"mail1@example.com502";"Firstname502";"Lastename502"
"mail1@example.com503";"Firstname503";"Lastename503"
"mail1@example.com504";"Firstname504";"Lastename504"
"mail1@example.com505";"Firstname505";"Lastename505"
"mail1@example.com506";"Firstname506";"Lastename506"
"mail1@example.com507";"Firstname507";"Lastename507"
"mail1@example.com508";"Firstname508";"Lastename508"
"mail1@example.com509";"Firstname509";"Lastename509"
"mail1@example.com510";"Firstname510";"Lastename510"
"mail1@example.com511";"Firstname511";"Lastename511"
"mail1@example.com512";"Firstname512";"Lastename512"
"mail1@example.com513";"Firstname513";"Lastename513"
"mail1@example.com514";"Firstname514";"Lastename514"
"mail1@example.com515";"Firstname515";"Lastename515"
"mail1@example.com516";"Firstname516";"Lastename516"
"mail1@example.com517";"Firstname517";"Lastename517"
"mail1@example.com518";"Firstname518";"Lastename518"
"mail1@example.com519";"Firstname519";"Lastename519"
"mail1@example.com520";"Firstname520";"Lastename520"
"mail1@example.com521";"Firstname521";"Lastename521"
"mail1@example.com522";"Firstname522";"Lastename522"
"mail1@example.com523";"Firstname523";"Lastename523"
"mail1@example.com524";"Firstname524";"Lastename524"
"mail1@example.com525";"Firstname525";"Lastename525"
"mail1@example.com526";"Firstname526";"Lastename526"
"mail1@example.com527";"Firstname527";"Lastename527"
"mail1@example.com528";"Firstname528";"Lastename528"
"mail1@example.com529";"Firstname529";"Lastename529"
"mail1@example.com530";"Firstname530";"Lastename530"
"mail1@example.com531";"Firstname531";"Lastename531"
"mail1@example.com532";"Firstname532";"Lastename532"
"mail1@example.com533";"Firstname533";"Lastename533"
"mail1@example.com534";"Firstname534";"Lastename534"
"mail1@example.com535";"Firstname535";"Lastename535"
"mail1@example.com536";"Firstname536";"Lastename536"
"mail1@example.com537";"Firstname537";"Lastename537"
"mail1@example.com538";"Firstname538";"Lastename538"
"mail1@example.com539";"Firstname539";"Lastename539"
"mail1@example.com540";"Firstname540";"Lastename540"
"mail1@example.com541";"Firstname541";"Lastename541"
"mail1@example.com542";"Firstname542";"Lastename542"
"mail1@example.com543";"Firstname543";"Lastename543"
"mail1@example.com544";"Firstname544";"Lastename544"
"mail1@example.com545";"Firstname545";"Lastename545"
"mail1@example.com546";"Firstname546";"Lastename546"
"mail1@example.com547";"Firstname547";"Lastename547"
"mail1@example.com548";"Firstname548";"Lastename548"
"mail1@example.com549";"Firstname549";"Lastename549"
"mail1@example.com550";"Firstname550";"Lastename550"
"mail1@example.com551";"Firstname551";"Lastename551"
"mail1@example.com552";"Firstname552";"Lastename552"
"mail1@example.com553";"Firstname553";"Lastename553"
"mail1@example.com554";"Firstname554";"Lastename554"
"mail1@example.com555";"Firstname555";"Lastename555"
"mail1@example.com556";"Firstname556";"Lastename556"
"mail1@example.com557";"Firstname557";"Lastename557"
"mail1@example.com558";"Firstname558";"Lastename558"
"mail1@example.com559";"Firstname559";"Lastename559"
"mail1@example.com560";"Firstname560";"Lastename560"
"mail1@example.com561";"Firstname561";"Lastename561"
"mail1@example.com562";"Firstname562";"Lastename562"
"mail1@example.com563";"Firstname563";"Lastename563"
"mail1@example.com564";"Firstname564";"Lastename564"
"mail1@example.com565";"Firstname565";"Lastename565"
"mail1@example.com566";"Firstname566";"Lastename566"
"mail1@example.com567";"Firstname567";"Lastename567"
"mail1@example.com568";"Firstname568";"Lastename568"
"mail1@example.com569";"Firstname569";"Lastename569"
"mail1@example.com570";"Firstname570";"Lastename570"
"mail1@example.com571";"Firstname571";"Lastename571"
"mail1@example.com572";"Firstname572";"Lastename572"
"mail1@example.com573";"Firstname573";"Lastename573"
"mail1@example.com574";"Firstname574";"Lastename574"
"mail1@example.com575";"Firstname575";"Lastename575"
"mail1@example.com576";"Firstname576";"Lastename576"
"mail1@example.com577";"Firstname577";"Lastename577"
"mail1@example.com578";"Firstname578";"Lastename578"
"mail1@example.com579";"Firstname579";"Lastename579"
"mail1@example.com580";"Firstname580";"Lastename580"
"mail1@example.com581";"Firstname581";"Lastename581"
"mail1@example.com582";"Firstname582";"Lastename582"
"mail1@example.com583";"Firstname583";"Lastename583"
"mail1@example.com584";"Firstname584";"Lastename584"
"mail1@example.com585";"Firstname585";"Lastename585"
"mail1@example.com586";"Firstname586";"Lastename586"
"mail1@example.com587";"Firstname587";"Lastename587"
"mail1@example.com588";"Firstname588";"Lastename588"
"mail1@example.com589";"Firstname589";"Lastename589"
"mail1@example.com590";"Firstname590";"Lastename590"
"mail1@example.com591";"Firstname591";"Lastename591"
"mail1@example.com592";"Firstname592";"Lastename592"
"mail1@example.com593";"Firstname593";"Lastename593"
"mail1@example.com594";"Firstname594";"Lastename594"
"mail1@example.com595";"Firstname595";"Lastename595"
"mail1@example.com596";"Firstname596";"Lastename596"
"mail1@example.com597";"Firstname597";"Lastename597"
"mail1@example.com598";"Firstname598";"Lastename598"
"mail1@example.com599";"Firstname599";"Lastename599"
"mail1@example.com600";"Firstname600";"Lastename600"
"mail1@example.com601";"Firstname601";"Lastename601"
"mail1@example.com602";"Firstname602";"Lastename602"
"mail1@example.com603";"Firstname603";"Lastename603"
"mail1@example.com604";"Firstname604";"Lastename604"
"mail1@example.com605";"Firstname605";"Lastename605"
"mail1@example.com606";"Firstname606";"Lastename606"
"mail1@example.com607";"Firstname607";"Lastename607"
"mail1@example.com608";"Firstname608";"Lastename608"
"mail1@example.com609";"Firstname609";"Lastename609"
"mail1@example.com610";"Firstname610";"Lastename610"
"mail1@example.com611";"Firstname611";"Lastename611"
"mail1@example.com612";"Firstname612";"Lastename612"
"mail1@example.com613";"Firstname613";"Lastename613"
"mail1@example.com614";"Firstname614";"Lastename614"
"mail1@example.com615";"Firstname615";"Lastename615"
"mail1@example.com616";"Firstname616";"Lastename616"
"mail1@example.com617";"Firstname617";"Lastename617"
"mail1@example.com618";"Firstname618";"Lastename618"
"mail1@example.com619";"Firstname619";"Lastename619"
"mail1@example.com620";"Firstname620";"Lastename620"
"mail1@example.com621";"Firstname621";"Lastename621"
"mail1@example.com622";"Firstname622";"Lastename622"
"mail1@example.com623";"Firstname623";"Lastename623"
"mail1@example.com624";"Firstname624";"Lastename624"
"mail1@example.com625";"Firstname625";"Lastename625"
"mail1@example.com626";"Firstname626";"Lastename626"
"mail1@example.com627";"Firstname627";"Lastename627"
"mail1@example.com628";"Firstname628";"Lastename628"
"mail1@example.com629";"Firstname629";"Lastename629"
"mail1@example.com630";"Firstname630";"Lastename630"
"mail1@example.com631";"Firstname631";"Lastename631"
"mail1@example.com632";"Firstname632";"Lastename632"
"mail1@example.com633";"Firstname633";"Lastename633"
"mail1@example.com634";"Firstname634";"Lastename634"
"mail1@example.com635";"Firstname635";"Lastename635"
"mail1@example.com636";"Firstname636";"Lastename636"
"mail1@example.com637";"Firstname637";"Lastename637"
"mail1@example.com638";"Firstname638";"Lastename638"
"mail1@example.com639";"Firstname639";"Lastename639"
"mail1@example.com640";"Firstname640";"Lastename640"
"mail1@example.com641";"Firstname641";"Lastename641"
"mail1@example.com642";"Firstname642";"Lastename642"
"mail1@example.com643";"Firstname643";"Lastename643"
"mail1@example.com644";"Firstname644";"Lastename644"
"mail1@example.com645";"Firstname645";"Lastename645"
"mail1@example.com646";"Firstname646";"Lastename646"
"mail1@example.com647";"Firstname647";"Lastename647"
"mail1@example.com648";"Firstname648";"Lastename648"
"mail1@example.com649";"Firstname649";"Lastename649"
"mail1@example.com650";"Firstname650";"Lastename650"
"mail1@example.com651";"Firstname651";"Lastename651"
"mail1@example.com652";"Firstname652";"Lastename652"
"mail1@example.com653";"Firstname653";"Lastename653"
"mail1@example.com654";"Firstname654";"Lastename654"
"mail1@example.com655";"Firstname655";"Lastename655"
"mail1@example.com656";"Firstname656";"Lastename656"
"mail1@example.com657";"Firstname657";"Lastename657"
"mail1@example.com658";"Firstname658";"Lastename658"
"mail1@example.com659";"Firstname659";"Lastename659"
"mail1@example.com660";"Firstname660";"Lastename660"
"mail1@example.com661";"Firstname661";"Lastename661"
"mail1@example.com662";"Firstname662";"Lastename662"
"mail1@example.com663";"Firstname663";"Lastename663"
"mail1@example.com664";"Firstname664";"Lastename664"
"mail1@example.com665";"Firstname665";"Lastename665"
"mail1@example.com666";"Firstname666";"Lastename666"
"mail1@example.com667";"Firstname667";"Lastename667"
"mail1@example.com668";"Firstname668";"Lastename668"
"mail1@example.com669";"Firstname669";"Lastename669"
"mail1@example.com670";"Firstname670";"Lastename670"
"mail1@example.com671";"Firstname671";"Lastename671"
"mail1@example.com672";"Firstname672";"Lastename672"
"mail1@example.com673";"Firstname673";"Lastename673"
"mail1@example.com674";"Firstname674";"Lastename674"
"mail1@example.com675";"Firstname675";"Lastename675"
"mail1@example.com676";"Firstname676";"Lastename676"
"mail1@example.com677";"Firstname677";"Lastename677"
"mail1@example.com678";"Firstname678";"Lastename678"
"mail1@example.com679";"Firstname679";"Lastename679"
"mail1@example.com680";"Firstname680";"Lastename680"
"mail1@example.com681";"Firstname681";"Lastename681"
"mail1@example.com682";"Firstname682";"Lastename682"
"mail1@example.com683";"Firstname683";"Lastename683"
"mail1@example.com684";"Firstname684";"Lastename684"
"mail1@example.com685";"Firstname685";"Lastename685"
"mail1@example.com686";"Firstname686";"Lastename686"
"mail1@example.com687";"Firstname687";"Lastename687"
"mail1@example.com688";"Firstname688";"Lastename688"
"mail1@example.com689";"Firstname689";"Lastename689"
"mail1@example.com690";"Firstname690";"Lastename690"
"mail1@example.com691";"Firstname691";"Lastename691"
"mail1@example.com692";"Firstname692";"Lastename692"
"mail1@example.com693";"Firstname693";"Lastename693"
"mail1@example.com694";"Firstname694";"Lastename694"
"mail1@example.com695";"Firstname695";"Lastename695"
"mail1@example.com696";"Firstname696";"Lastename696"
"mail1@example.com697";"Firstname697";"Lastename697"
"mail1@example.com698";"Firstname698";"Lastename698"
"mail1@example.com699";"Firstname699";"Lastename699"
"mail1@example.com700";"Firstname700";"Lastename700"
"mail1@example.com701";"Firstname701";"Lastename701"
"mail1@example.com702";"Firstname702";"Lastename702"
"mail1@example.com703";"Firstname703";"Lastename703"
"mail1@example.com704";"Firstname704";"Lastename704"
"mail1@example.com705";"Firstname705";"Lastename705"
"mail1@example.com706";"Firstname706";"Lastename706"
"mail1@example.com707";"Firstname707";"Lastename707"
"mail1@example.com708";"Firstname708";"Lastename708"
"mail1@example.com709";"Firstname709";"Lastename709"
"mail1@example.com710";"Firstname710";"Lastename710"
"mail1@example.com711";"Firstname711";"Lastename711"
"mail1@example.com712";"Firstname712";"Lastename712"
"mail1@example.com713";"Firstname713";"Lastename713"
"mail1@example.com714";"Firstname714";"Lastename714"
"mail1@example.com715";"Firstname715";"Lastename715"
"mail1@example.com716";"Firstname716";"Lastename716"
"mail1@example.com717";"Firstname717";"Lastename717"
"mail1@example.com718";"Firstname718";"Lastename718"
"mail1@example.com719";"Firstname719";"Lastename719"
"mail1@example.com720";"Firstname720";"Lastename720"
"mail1@example.com721";"Firstname721";"Lastename721"
"mail1@example.com722";"Firstname722";"Lastename722"
"mail1@example.com723";"Firstname723";"Lastename723"
"mail1@example.com724";"Firstname724";"Lastename724"
"mail1@example.com725";"Firstname725";"Lastename725"
"mail1@example.com726";"Firstname726";"Lastename726"
"mail1@example.com727";"Firstname727";"Lastename727"
"mail1@example.com728";"Firstname728";"Lastename728"
"mail1@example.com729";"Firstname729";"Lastename729"
"mail1@example.com730";"Firstname730";"Lastename730"
"mail1@example.com731";"Firstname731";"Lastename731"
"mail1@example.com732";"Firstname732";"Lastename732"
"mail1@example.com733";"Firstname733";"Lastename733"
"mail1@example.com734";"Firstname734";"Lastename734"
"mail1@example.com735";"Firstname735";"Lastename735"
"mail1@example.com736";"Firstname736";"Lastename736"
"mail1@example.com737";"Firstname737";"Lastename737"
"mail1@example.com738";"Firstname738";"Lastename738"
"mail1@example.com739";"Firstname739";"Lastename739"
"mail1@example.com740";"Firstname740";"Lastename740"
"mail1@example.com741";"Firstname741";"Lastename741"
"mail1@example.com742";"Firstname742";"Lastename742"
"mail1@example.com743";"Firstname743";"Lastename743"
"mail1@example.com744";"Firstname744";"Lastename744"
"mail1@example.com745";"Firstname745";"Lastename745"
"mail1@example.com746";"Firstname746";"Lastename746"
"mail1@example.com747";"Firstname747";"Lastename747"
"mail1@example.com748";"Firstname748";"Lastename748"
"mail1@example.com749";"Firstname749";"Lastename749"
"mail1@example.com750";"Firstname750";"Lastename750"
"mail1@example.com751";"Firstname751";"Lastename751"
"mail1@example.com752";"Firstname752";"Lastename752"
"mail1@example.com753";"Firstname753";"Lastename753"
"mail1@example.com754";"Firstname754";"Lastename754"
"mail1@example.com755";"Firstname755";"Lastename755"
"mail1@example.com756";"Firstname756";"Lastename756"
"mail1@example.com757";"Firstname757";"Lastename757"
"mail1@example.com758";"Firstname758";"Lastename758"
"mail1@example.com759";"Firstname759";"Lastename759"
"mail1@example.com760";"Firstname760";"Lastename760"
"mail1@example.com761";"Firstname761";"Lastename761"
"mail1@example.com762";"Firstname762";"Lastename762"
"mail1@example.com763";"Firstname763";"Lastename763"
"mail1@example.com764";"Firstname764";"Lastename764"
"mail1@example.com765";"Firstname765";"Lastename765"
"mail1@example.com766";"Firstname766";"Lastename766"
"mail1@example.com767";"Firstname767";"Lastename767"
"mail1@example.com768";"Firstname768";"Lastename768"
"mail1@example.com769";"Firstname769";"Lastename769"
"mail1@example.com770";"Firstname770";"Lastename770"
"mail1@example.com771";"Firstname771";"Lastename771"
"mail1@example.com772";"Firstname772";"Lastename772"
"mail1@example.com773";"Firstname773";"Lastename773"
"mail1@example.com774";"Firstname774";"Lastename774"
"mail1@example.com775";"Firstname775";"Lastename775"
"mail1@example.com776";"Firstname776";"Lastename776"
"mail1@example.com777";"Firstname777";"Lastename777"
"mail1@example.com778";"Firstname778";"Lastename778"
"mail1@example.com779";"Firstname779";"Lastename779"
"mail1@example.com780";"Firstname780";"Lastename780"
"mail1@example.com781";"Firstname781";"Lastename781"
"mail1@example.com782";"Firstname782";"Lastename782"
"mail1@example.com783";"Firstname783";"Lastename783"
"mail1@example.com784";"Firstname784";"Lastename784"
"mail1@example.com785";"Firstname785";"Lastename785"
"mail1@example.com786";"Firstname786";"Lastename786"
"mail1@example.com787";"Firstname787";"Lastename787"
"mail1@example.com788";"Firstname788";"Lastename788"
"mail1@example.com789";"Firstname789";"Lastename789"
"mail1@example.com790";"Firstname790";"Lastename790"
"mail1@example.com791";"Firstname791";"Lastename791"
"mail1@example.com792";"Firstname792";"Lastename792"
"mail1@example.com793";"Firstname793";"Lastename793"
"mail1@example.com794";"Firstname794";"Lastename794"
"mail1@example.com795";"Firstname795";"Lastename795"
"mail1@example.com796";"Firstname796";"Lastename796"
"mail1@example.com797";"Firstname797";"Lastename797"
"mail1@example.com798";"Firstname798";"Lastename798"
"mail1@example.com799";"Firstname799";"Lastename799"
"mail1@example.com800";"Firstname800";"Lastename800"
"mail1@example.com801";"Firstname801";"Lastename801"
"mail1@example.com802";"Firstname802";"Lastename802"
"mail1@example.com803";"Firstname803";"Lastename803"
"mail1@example.com804";"Firstname804";"Lastename804"
"mail1@example.com805";"Firstname805";"Lastename805"
"mail1@example.com806";"Firstname806";"Lastename806"
"mail1@example.com807";"Firstname807";"Lastename807"
"mail1@example.com808";"Firstname808";"Lastename808"
"mail1@example.com809";"Firstname809";"Lastename809"
"mail1@example.com810";"Firstname810";"Lastename810"
"mail1@example.com811";"Firstname811";"Lastename811"
"mail1@example.com812";"Firstname812";"Lastename812"
"mail1@example.com813";"Firstname813";"Lastename813"
"mail1@example.com814";"Firstname814";"Lastename814"
"mail1@example.com815";"Firstname815";"Lastename815"
"mail1@example.com816";"Firstname816";"Lastename816"
"mail1@example.com817";"Firstname817";"Lastename817"
"mail1@example.com818";"Firstname818";"Lastename818"
"mail1@example.com819";"Firstname819";"Lastename819"
"mail1@example.com820";"Firstname820";"Lastename820"
"mail1@example.com821";"Firstname821";"Lastename821"
"mail1@example.com822";"Firstname822";"Lastename822"
"mail1@example.com823";"Firstname823";"Lastename823"
"mail1@example.com824";"Firstname824";"Lastename824"
"mail1@example.com825";"Firstname825";"Lastename825"
"mail1@example.com826";"Firstname826";"Lastename826"
"mail1@example.com827";"Firstname827";"Lastename827"
"mail1@example.com828";"Firstname828";"Lastename828"
"mail1@example.com829";"Firstname829";"Lastename829"
"mail1@example.com830";"Firstname830";"Lastename830"
"mail1@example.com831";"Firstname831";"Lastename831"
"mail1@example.com832";"Firstname832";"Lastename832"
"mail1@example.com833";"Firstname833";"Lastename833"
"mail1@example.com834";"Firstname834";"Lastename834"
"mail1@example.com835";"Firstname835";"Lastename835"
"mail1@example.com836";"Firstname836";"Lastename836"
"mail1@example.com837";"Firstname837";"Lastename837"
"mail1@example.com838";"Firstname838";"Lastename838"
"mail1@example.com839";"Firstname839";"Lastename839"
"mail1@example.com840";"Firstname840";"Lastename840"
"mail1@example.com841";"Firstname841";"Lastename841"
"mail1@example.com842";"Firstname842";"Lastename842"
"mail1@example.com843";"Firstname843";"Lastename843"
"mail1@example.com844";"Firstname844";"Lastename844"
"mail1@example.com845";"Firstname845";"Lastename845"
"mail1@example.com846";"Firstname846";"Lastename846"
"mail1@example.com847";"Firstname847";"Lastename847"
"mail1@example.com848";"Firstname848";"Lastename848"
"mail1@example.com849";"Firstname849";"Lastename849"
"mail1@example.com850";"Firstname850";"Lastename850"
"mail1@example.com851";"Firstname851";"Lastename851"
"mail1@example.com852";"Firstname852";"Lastename852"
"mail1@example.com853";"Firstname853";"Lastename853"
"mail1@example.com854";"Firstname854";"Lastename854"
"mail1@example.com855";"Firstname855";"Lastename855"
"mail1@example.com856";"Firstname856";"Lastename856"
"mail1@example.com857";"Firstname857";"Lastename857"
"mail1@example.com858";"Firstname858";"Lastename858"
"mail1@example.com859";"Firstname859";"Lastename859"
"mail1@example.com860";"Firstname860";"Lastename860"
"mail1@example.com861";"Firstname861";"Lastename861"
"mail1@example.com862";"Firstname862";"Lastename862"
"mail1@example.com863";"Firstname863";"Lastename863"
"mail1@example.com864";"Firstname864";"Lastename864"
"mail1@example.com865";"Firstname865";"Lastename865"
"mail1@example.com866";"Firstname866";"Lastename866"
"mail1@example.com867";"Firstname867";"Lastename867"
"mail1@example.com868";"Firstname868";"Lastename868"
"mail1@example.com869";"Firstname869";"Lastename869"
"mail1@example.com870";"Firstname870";"Lastename870"
"mail1@example.com871";"Firstname871";"Lastename871"
"mail1@example.com872";"Firstname872";"Lastename872"
"mail1@example.com873";"Firstname873";"Lastename873"
"mail1@example.com874";"Firstname874";"Lastename874"
"mail1@example.com875";"Firstname875";"Lastename875"
"mail1@example.com876";"Firstname876";"Lastename876"
"mail1@example.com877";"Firstname877";"Lastename877"
"mail1@example.com878";"Firstname878";"Lastename878"
"mail1@example.com879";"Firstname879";"Lastename879"
"mail1@example.com880";"Firstname880";"Lastename880"
"mail1@example.com881";"Firstname881";"Lastename881"
"mail1@example.com882";"Firstname882";"Lastename882"
"mail1@example.com883";"Firstname883";"Lastename883"
"mail1@example.com884";"Firstname884";"Lastename884"
"mail1@example.com885";"Firstname885";"Lastename885"
"mail1@example.com886";"Firstname886";"Lastename886"
"mail1@example.com887";"Firstname887";"Lastename887"
"mail1@example.com888";"Firstname888";"Lastename888"
"mail1@example.com889";"Firstname889";"Lastename889"
"mail1@example.com890";"Firstname890";"Lastename890"
"mail1@example.com891";"Firstname891";"Lastename891"
"mail1@example.com892";"Firstname892";"Lastename892"
"mail1@example.com893";"Firstname893";"Lastename893"
"mail1@example.com894";"Firstname894";"Lastename894"
"mail1@example.com895";"Firstname895";"Lastename895"
"mail1@example.com896";"Firstname896";"Lastename896"
"mail1@example.com897";"Firstname897";"Lastename897"
"mail1@example.com898";"Firstname898";"Lastename898"
"mail1@example.com899";"Firstname899";"Lastename899"
"mail1@example.com900";"Firstname900";"Lastename900"
"mail1@example.com901";"Firstname901";"Lastename901"
"mail1@example.com902";"Firstname902";"Lastename902"
"mail1@example.com903";"Firstname903";"Lastename903"
"mail1@example.com904";"Firstname904";"Lastename904"
"mail1@example.com905";"Firstname905";"Lastename905"
"mail1@example.com906";"Firstname906";"Lastename906"
"mail1@example.com907";"Firstname907";"Lastename907"
"mail1@example.com908";"Firstname908";"Lastename908"
"mail1@example.com909";"Firstname909";"Lastename909"
"mail1@example.com910";"Firstname910";"Lastename910"
"mail1@example.com911";"Firstname911";"Lastename911"
"mail1@example.com912";"Firstname912";"Lastename912"
"mail1@example.com913";"Firstname913";"Lastename913"
"mail1@example.com914";"Firstname914";"Lastename914"
"mail1@example.com915";"Firstname915";"Lastename915"
"mail1@example.com916";"Firstname916";"Lastename916"
"mail1@example.com917";"Firstname917";"Lastename917"
"mail1@example.com918";"Firstname918";"Lastename918"
"mail1@example.com919";"Firstname919";"Lastename919"
"mail1@example.com920";"Firstname920";"Lastename920"
"mail1@example.com921";"Firstname921";"Lastename921"
"mail1@example.com922";"Firstname922";"Lastename922"
"mail1@example.com923";"Firstname923";"Lastename923"
"mail1@example.com924";"Firstname924";"Lastename924"
"mail1@example.com925";"Firstname925";"Lastename925"
"mail1@example.com926";"Firstname926";"Lastename926"
"mail1@example.com927";"Firstname927";"Lastename927"
"mail1@example.com928";"Firstname928";"Lastename928"
"mail1@example.com929";"Firstname929";"Lastename929"
"mail1@example.com930";"Firstname930";"Lastename930"
"mail1@example.com931";"Firstname931";"Lastename931"
"mail1@example.com932";"Firstname932";"Lastename932"
"mail1@example.com933";"Firstname933";"Lastename933"
"mail1@example.com934";"Firstname934";"Lastename934"
"mail1@example.com935";"Firstname935";"Lastename935"
"mail1@example.com936";"Firstname936";"Lastename936"
"mail1@example.com937";"Firstname937";"Lastename937"
"mail1@example.com938";"Firstname938";"Lastename938"
"mail1@example.com939";"Firstname939";"Lastename939"
"mail1@example.com940";"Firstname940";"Lastename940"
"mail1@example.com941";"Firstname941";"Lastename941"
"mail1@example.com942";"Firstname942";"Lastename942"
"mail1@example.com943";"Firstname943";"Lastename943"
"mail1@example.com944";"Firstname944";"Lastename944"
"mail1@example.com945";"Firstname945";"Lastename945"
"mail1@example.com946";"Firstname946";"Lastename946"
"mail1@example.com947";"Firstname947";"Lastename947"
"mail1@example.com948";"Firstname948";"Lastename948"
"mail1@example.com949";"Firstname949";"Lastename949"
"mail1@example.com950";"Firstname950";"Lastename950"
"mail1@example.com951";"Firstname951";"Lastename951"
"mail1@example.com952";"Firstname952";"Lastename952"
"mail1@example.com953";"Firstname953";"Lastename953"
"mail1@example.com954";"Firstname954";"Lastename954"
"mail1@example.com955";"Firstname955";"Lastename955"
"mail1@example.com956";"Firstname956";"Lastename956"
"mail1@example.com957";"Firstname957";"Lastename957"
"mail1@example.com958";"Firstname958";"Lastename958"
"mail1@example.com959";"Firstname959";"Lastename959"
"mail1@example.com960";"Firstname960";"Lastename960"
"mail1@example.com961";"Firstname961";"Lastename961"
"mail1@example.com962";"Firstname962";"Lastename962"
"mail1@example.com963";"Firstname963";"Lastename963"
"mail1@example.com964";"Firstname964";"Lastename964"
"mail1@example.com965";"Firstname965";"Lastename965"
"mail1@example.com966";"Firstname966";"Lastename966"
"mail1@example.com967";"Firstname967";"Lastename967"
"mail1@example.com968";"Firstname968";"Lastename968"
"mail1@example.com969";"Firstname969";"Lastename969"
"mail1@example.com970";"Firstname970";"Lastename970"
"mail1@example.com971";"Firstname971";"Lastename971"
"mail1@example.com972";"Firstname972";"Lastename972"
"mail1@example.com973";"Firstname973";"Lastename973"
"mail1@example.com974";"Firstname974";"Lastename974"
"mail1@example.com975";"Firstname975";"Lastename975"
"mail1@example.com976";"Firstname976";"Lastename976"
"mail1@example.com977";"Firstname977";"Lastename977"
"mail1@example.com978";"Firstname978";"Lastename978"
"mail1@example.com979";"Firstname979";"Lastename979"
"mail1@example.com980";"Firstname980";"Lastename980"
"mail1@example.com981";"Firstname981";"Lastename981"
"mail1@example.com982";"Firstname982";"Lastename982"
"mail1@example.com983";"Firstname983";"Lastename983"
"mail1@example.com984";"Firstname984";"Lastename984"
"mail1@example.com985";"Firstname985";"Lastename985"
"mail1@example.com986";"Firstname986";"Lastename986"
"mail1@example.com987";"Firstname987";"Lastename987"
"mail1@example.com988";"Firstname988";"Lastename988"
"mail1@example.com989";"Firstname989";"Lastename989"
"mail1@example.com990";"Firstname990";"Lastename990"
"mail1@example.com991";"Firstname991";"Lastename991"
"mail1@example.com992";"Firstname992";"Lastename992"
"mail1@example.com993";"Firstname993";"Lastename993"
"mail1@example.com994";"Firstname994";"Lastename994"
"mail1@example.com995";"Firstname995";"Lastename995"
"mail1@example.com996";"Firstname996";"Lastename996"
"mail1@example.com997";"Firstname997";"Lastename997"
"mail1@example.com998";"Firstname998";"Lastename998"
"mail1@example.com999";"Firstname999";"Lastename999"
"mail1@example.com1000";"Firstname1000";"Lastename1000"
